Player,Pos,Age,Tm,G,MP,FG,FGA,FGPct,ThreeP,ThreePA,ThreePPct,eFGPct,FT,FTA,FTPct,TRB,AST,STL,BLK,PTS
Steven Adams,C,26,OKC,63,26.7,4.5,7.6,0.592,0,0,0.333,0.593,1.9,3.2,0.582,9.3,2.3,0.8,1.1,10.9
Bam Adebayo,PF,22,MIA,72,33.6,6.1,11,0.557,0,0.2,0.143,0.558,3.7,5.3,0.691,10.2,5.1,1.1,1.3,15.9
LaMarcus Aldridge,C,34,SAS,53,33.1,7.4,15,0.493,1.2,3,0.389,0.532,3,3.6,0.827,7.4,2.4,0.7,1.6,18.9
Kyle Alexander,C,23,MIA,2,6.5,0.5,1,0.5,0,0,,0.5,0,0,,1.5,0,0,0,1
Nickeil Alexander-Walker,SG,21,NOP,47,12.6,2.1,5.7,0.368,1,2.8,0.346,0.455,0.5,0.8,0.676,1.8,1.9,0.4,0.2,5.7
Grayson Allen,SG,24,MEM,38,18.9,3.1,6.6,0.466,1.5,3.7,0.404,0.58,1,1.2,0.867,2.2,1.4,0.3,0.1,8.7
Jarrett Allen,C,21,BRK,70,26.5,4.3,6.6,0.649,0,0.1,0,0.649,2.4,3.9,0.633,9.6,1.6,0.6,1.3,11.1
Kadeem Allen,PG,27,NYK,10,11.7,1.9,4.4,0.432,0.5,1.6,0.313,0.489,0.7,1.1,0.636,0.9,2.1,0.5,0.2,5
Al-Farouq Aminu,PF,29,ORL,18,21.1,1.4,4.8,0.291,0.5,2,0.25,0.343,1.1,1.6,0.655,4.8,1.2,1,0.4,4.3
Justin Anderson,SG,26,BRK,10,10.7,1,3.8,0.263,0.6,2.9,0.207,0.342,0.2,0.4,0.5,2.1,0.8,0,0.6,2.8
Kyle Anderson,SF,26,MEM,67,19.9,2.3,4.9,0.474,0.4,1.3,0.282,0.511,0.8,1.2,0.667,4.3,2.4,0.8,0.6,5.8
Ryan Anderson,C,31,HOU,2,7,1,3.5,0.286,0.5,2.5,0.2,0.357,0,0,,3.5,1,0.5,0,2.5
Giannis Antetokounmpo,PF,25,MIL,63,30.4,10.9,19.7,0.553,1.4,4.7,0.304,0.589,6.3,10,0.633,13.6,5.6,1,1,29.5
Kostas Antetokounmpo,PF,22,LAL,5,4,0.6,0.6,1,0,0,,1,0.2,0.4,0.5,0.6,0.4,0,0,1.4
Thanasis Antetokounmpo,SF,27,MIL,20,6.5,1.2,2.4,0.5,0,0.5,0,0.5,0.4,0.9,0.412,1.2,0.8,0.4,0.1,2.8
Carmelo Anthony,PF,35,POR,58,32.8,5.8,13.5,0.43,1.5,3.9,0.385,0.485,2.3,2.8,0.845,6.3,1.5,0.8,0.5,15.4
OG Anunoby,SF,22,TOR,69,29.9,4.1,8.2,0.505,1.3,3.3,0.39,0.584,1,1.5,0.706,5.3,1.6,1.4,0.7,10.6
Ryan Arcidiacono,PG,25,CHI,58,16,1.6,3.8,0.409,0.9,2.4,0.391,0.532,0.5,0.7,0.711,1.9,1.7,0.5,0.1,4.5
Trevor Ariza,SF,34,POR,21,33.4,3.7,7.6,0.491,1.6,4,0.4,0.597,2,2.2,0.872,4.8,2,1.6,0.4,11
D.J. Augustin,PG,32,ORL,57,24.9,3.2,8.1,0.399,1.2,3.5,0.348,0.475,2.8,3.2,0.89,2.1,4.6,0.6,0,10.5
Deandre Ayton,C,21,PHO,38,32.5,8.2,14.9,0.546,0.1,0.3,0.231,0.548,1.8,2.3,0.753,11.5,1.9,0.7,1.5,18.2
Dwayne Bacon,SG,24,CHO,39,17.6,2.2,6.3,0.348,0.5,1.7,0.284,0.387,0.9,1.4,0.66,2.6,1.3,0.6,0.1,5.7
Marvin Bagley III,C,20,SAC,13,25.7,6,12.8,0.467,0.3,1.7,0.182,0.479,1.9,2.4,0.806,7.5,0.8,0.5,0.9,14.2
Lonzo Ball,PG,22,NOP,63,32.1,4.4,10.9,0.403,2.3,6.3,0.375,0.511,0.7,1.2,0.566,6.1,7,1.4,0.6,11.8
Mo Bamba,C,21,ORL,62,14.2,2.1,4.6,0.462,0.6,1.7,0.346,0.526,0.5,0.7,0.674,4.9,0.7,0.4,1.4,5.4
J.J. Barea,PG,35,DAL,29,15.5,2.9,7.1,0.411,1.1,2.9,0.376,0.488,0.7,0.8,0.909,1.8,3.9,0.2,0.1,7.7
Harrison Barnes,PF,27,SAC,72,34.5,5.1,11,0.46,1.4,3.7,0.381,0.525,3,3.7,0.801,4.9,2.2,0.6,0.2,14.5
RJ Barrett,SG,19,NYK,56,30.4,5.2,13,0.402,1.1,3.5,0.32,0.445,2.8,4.5,0.614,5,2.6,1,0.3,14.3
Will Barton,SF,29,DEN,58,33,5.7,12.7,0.45,1.9,5,0.375,0.523,1.8,2.3,0.767,6.3,3.7,1.1,0.5,15.1
Keita Bates-Diop,SF,24,DEN,7,14,1.9,4,0.464,0.4,1.3,0.333,0.518,1.1,1.4,0.8,2.4,0,0.3,0.6,5.3
Nicolas Batum,SF,31,CHO,22,23,1.3,3.7,0.346,0.6,2.2,0.286,0.432,0.4,0.5,0.9,4.5,3,0.8,0.4,3.6
Aron Baynes,C,33,PHO,42,22.2,4.4,9.1,0.48,1.4,4,0.351,0.558,1.3,1.8,0.747,5.6,1.6,0.2,0.5,11.5
Kent Bazemore,SF,30,SAC,25,23.1,3.5,8.3,0.418,1.1,2.9,0.384,0.486,2.2,3,0.733,4.9,1.3,1.2,0.4,10.3
Darius Bazley,PF,19,OKC,61,18.5,2,5.2,0.394,0.8,2.3,0.348,0.472,0.7,1,0.694,4,0.7,0.4,0.7,5.6
Bradley Beal,SG,26,WAS,57,36,10.4,22.9,0.455,3,8.4,0.353,0.52,6.8,8,0.842,4.2,6.1,1.2,0.4,30.5
Malik Beasley,SG,23,MIN,14,33.1,7.9,16.6,0.472,3.5,8.2,0.426,0.577,1.5,2,0.75,5.1,1.9,0.6,0.1,20.7
Marco Belinelli,SG,33,SAS,57,15.5,2.2,5.5,0.392,1.2,3.1,0.376,0.498,0.8,1,0.828,1.7,1.2,0.2,0,6.3
Jordan Bell,C,25,MEM,2,10.5,1.5,3.5,0.429,1,1.5,0.667,0.571,1,1,1,1.5,1,0.5,0,5
DeAndre' Bembry,SG,25,ATL,43,21.3,2.4,5.3,0.456,0.3,1.5,0.231,0.489,0.6,1.1,0.542,3.5,1.9,1.3,0.4,5.8
Dragan Bender,PF,22,GSW,9,21.7,3.4,7.9,0.437,1.2,3.8,0.324,0.514,0.9,1.2,0.727,5.9,2.1,0.4,0.4,9
Dāvis Bertāns,PF,27,WAS,54,29.3,4.9,11.3,0.434,3.7,8.7,0.424,0.598,1.9,2.3,0.852,4.5,1.7,0.7,0.6,15.4
Patrick Beverley,PG,31,LAC,51,26.3,2.9,6.7,0.431,1.6,4,0.388,0.548,0.6,0.9,0.66,5.2,3.6,1.1,0.5,7.9
Khem Birch,C,27,ORL,48,19.2,1.5,3,0.51,0,0,0,0.51,1.4,2.1,0.653,4.6,1,0.4,0.5,4.4
Goga Bitadze,C,20,IND,54,8.7,1.3,2.8,0.467,0.1,0.8,0.19,0.493,0.4,0.6,0.727,2,0.4,0.2,0.7,3.2
Bismack Biyombo,C,27,CHO,53,19.4,2.8,5.2,0.543,0,0,,0.543,1.7,2.8,0.603,5.8,0.9,0.2,0.9,7.4
Nemanja Bjelica,PF,31,SAC,72,27.9,4.4,9.1,0.481,1.9,4.4,0.419,0.583,1,1.2,0.821,6.4,2.8,0.9,0.6,11.5
Eric Bledsoe,PG,30,MIL,61,27,5.5,11.5,0.475,1.2,3.5,0.344,0.528,2.8,3.5,0.79,4.6,5.4,0.9,0.4,14.9
Bogdan Bogdanović,SG,27,SAC,61,29,5.5,12.6,0.44,2.7,7.2,0.372,0.547,1.4,1.9,0.741,3.4,3.4,1,0.2,15.1
Bojan Bogdanović,SF,30,UTA,63,33.1,6.6,14.8,0.447,3,7.3,0.414,0.548,4,4.4,0.903,4.1,2.1,0.5,0.1,20.2
Bol Bol,PF,20,DEN,7,12.4,2,4,0.5,0.6,1.3,0.444,0.571,1.1,1.4,0.8,2.7,0.9,0.3,0.9,5.7
Jonah Bolden,C,24,PHO,3,11,0.7,2.7,0.25,0,1,0,0.25,0.7,0.7,1,2.7,0,0.7,0.7,2
Marques Bolden,C,21,CLE,1,3,0,0,,0,0,,,0,0,,2,0,1,0,0
Jordan Bone,PG,22,DET,10,5.3,0.5,2,0.25,0.2,1,0.2,0.3,0,0,,0.4,0.8,0.1,0,1.2
Isaac Bonga,SF,20,WAS,66,18.9,1.8,3.5,0.504,0.4,1.1,0.352,0.558,1,1.3,0.812,3.4,1.2,0.7,0.3,5
Devin Booker,SG,23,PHO,70,35.9,9,18.3,0.489,2,5.7,0.354,0.544,6.7,7.3,0.919,4.2,6.5,0.7,0.3,26.6
Chris Boucher,C,27,TOR,62,13.2,2.3,4.8,0.472,0.6,1.9,0.322,0.535,1.5,1.9,0.784,4.5,0.4,0.4,1,6.6
Brian Bowen,SF,21,IND,6,5.2,0.5,1.7,0.3,0,0.3,0,0.3,0,0,,1.2,0,0,0.2,1
Ky Bowman,PG,22,GSW,45,22.6,3,7.1,0.417,0.7,2.4,0.308,0.469,0.8,0.9,0.829,2.7,2.9,1,0.2,7.4
Avery Bradley,SG,29,LAL,49,24.2,3.5,7.8,0.444,1.3,3.5,0.364,0.526,0.4,0.5,0.833,2.3,1.3,0.9,0.1,8.6
Tony Bradley,C,22,UTA,58,11.4,2.2,3.3,0.667,0.1,0.1,1,0.675,0.5,0.8,0.652,4.6,0.4,0.2,0.6,4.9
Jarrell Brantley,PF,23,UTA,9,10.7,1.1,3.1,0.357,0.3,1.4,0.231,0.411,0.1,0.2,0.5,2.2,1.2,0.3,0.6,2.7
Ignas Brazdeikis,SF,21,NYK,9,5.9,0.7,2.4,0.273,0.1,1,0.111,0.295,0.4,0.6,0.8,0.6,0.4,0,0.1,1.9
Corey Brewer,PF,33,SAC,5,6.6,0.4,0.8,0.5,0,0.2,0,0.5,0.2,0.6,0.333,1.6,0.4,0.8,0,1
Mikal Bridges,SF,23,PHO,73,28,3.4,6.6,0.51,1,2.7,0.361,0.583,1.4,1.7,0.844,4,1.8,1.4,0.6,9.1
Miles Bridges,SF,21,CHO,65,30.7,4.9,11.6,0.424,1.5,4.6,0.33,0.489,1.6,2,0.809,5.6,1.8,0.6,0.7,13
Oshae Brissett,SF,21,TOR,19,7.1,0.7,1.9,0.361,0.2,0.8,0.2,0.403,0.4,0.5,0.8,1.4,0.4,0.2,0.1,1.9
Ryan Broekhoff,SF,29,DAL,17,10.6,1.3,3.5,0.373,1.2,3,0.392,0.542,0.4,0.5,0.875,2.5,0.6,0.3,0.2,4.2
Malcolm Brogdon,PG,27,IND,54,30.9,6,13.8,0.438,1.4,4.3,0.326,0.489,3.1,3.4,0.892,4.9,7.1,0.6,0.2,16.5
Dillon Brooks,SG,24,MEM,73,28.9,6,14.6,0.407,2,5.6,0.358,0.476,2.2,2.8,0.808,3.3,2.1,0.9,0.4,16.2
Bruce Brown,PG,23,DET,58,28.2,3.4,7.7,0.443,0.6,1.7,0.344,0.48,1.5,2.1,0.739,4.7,4,1.1,0.5,8.9
Charlie Brown,SG,22,ATL,10,4,0.6,1.9,0.316,0.3,0.9,0.333,0.395,0.5,0.5,1,0.4,0.2,0.2,0.2,2
Jaylen Brown,SG,23,BOS,57,33.9,7.5,15.6,0.481,2.3,5.9,0.382,0.554,3.1,4.3,0.724,6.4,2.1,1.1,0.4,20.3
Moses Brown,C,20,POR,9,3.7,0.4,1.1,0.4,0,0,,0.4,0.3,0.9,0.375,1.6,0.1,0.1,0.1,1.2
Sterling Brown,SF,24,MIL,52,14.8,1.8,4.9,0.371,0.8,2.6,0.324,0.457,0.6,0.8,0.8,3.5,1,0.6,0.1,5.1
Troy Brown Jr.,SF,20,WAS,69,25.8,4,9,0.439,0.9,2.6,0.341,0.488,1.6,2,0.784,5.6,2.6,1.2,0.1,10.4
Jalen Brunson,PG,23,DAL,57,17.9,3.2,6.8,0.466,0.8,2.1,0.358,0.522,1.1,1.3,0.813,2.4,3.3,0.4,0.1,8.2
Thomas Bryant,C,22,WAS,46,24.9,5.3,9.1,0.581,0.8,2,0.407,0.626,1.9,2.5,0.741,7.2,1.8,0.5,1.1,13.2
Reggie Bullock,SG,28,NYK,29,23.6,3.1,7.7,0.402,1.3,3.8,0.333,0.484,0.6,0.7,0.81,2.3,1.4,0.9,0.1,8.1
Trey Burke,PG,27,DAL,8,23.9,4.4,10.3,0.427,2,4.6,0.432,0.524,1.3,1.4,0.909,1.9,3.8,1.1,0.1,12
Alec Burks,SG,28,PHI,18,20.2,4.3,9.3,0.461,1.8,4.3,0.416,0.557,1.9,2.3,0.829,3.1,2.1,0.7,0,12.2
Deonte Burton,SF,26,OKC,39,9.1,1.1,3.2,0.344,0.3,1.4,0.189,0.384,0.2,0.4,0.571,1.5,0.4,0.2,0.3,2.7
Jimmy Butler,SF,30,MIA,58,33.8,5.9,13.1,0.455,0.5,2.1,0.244,0.474,7.6,9.1,0.834,6.7,6,1.8,0.6,19.9
Bruno Caboclo,C,24,HOU,8,6.5,1.3,2.5,0.5,0.3,1,0.25,0.55,0.8,0.8,1,2,0.3,0.6,0.6,3.5
Devontae Cacok,C,23,LAL,1,9,3,6,0.5,0,0,,0.5,0,0,,5,1,0,0,6
Kentavious Caldwell-Pope,SG,26,LAL,69,25.5,3.4,7.3,0.467,1.3,3.5,0.385,0.558,1.1,1.5,0.775,2.1,1.6,0.8,0.2,9.3
Vlatko Čančar,PF,22,DEN,14,3.2,0.4,1.1,0.4,0.1,0.4,0.167,0.433,0.3,0.3,1,0.7,0.2,0.1,0.1,1.2
Clint Capela,C,25,HOU,39,32.8,6.3,9.9,0.629,0,0,,0.629,1.4,2.7,0.529,13.8,1.2,0.8,1.8,13.9
DeMarre Carroll,C,33,HOU,9,17.2,1.8,4.1,0.432,0.6,2.2,0.25,0.5,1.9,2.4,0.773,2.7,1.6,0.7,0.3,6
Jevon Carter,PG,24,PHO,58,16.3,1.7,4.2,0.416,1.1,2.5,0.425,0.543,0.4,0.5,0.852,2,1.4,0.8,0.3,4.9
Vince Carter,PF,43,ATL,60,14.6,1.8,5.1,0.352,1,3.4,0.302,0.452,0.4,0.5,0.793,2.1,0.8,0.4,0.4,5
Wendell Carter Jr.,C,20,CHI,43,29.2,4.3,8,0.534,0.1,0.7,0.207,0.542,2.6,3.5,0.737,9.4,1.2,0.8,0.8,11.3
Michael Carter-Williams,SG,28,ORL,45,18.5,2.5,5.8,0.427,0.5,1.7,0.293,0.469,1.8,2.1,0.832,3.3,2.4,1.1,0.5,7.2
Alex Caruso,PG,25,LAL,64,18.4,1.9,4.5,0.412,0.6,1.9,0.333,0.481,1.1,1.5,0.734,1.9,1.9,1.1,0.3,5.5
Willie Cauley-Stein,C,26,DAL,13,12.1,2.4,3.5,0.689,0,0.1,0,0.689,0.4,0.7,0.556,4.6,0.8,0.3,0.8,5.2
Tyson Chandler,C,37,HOU,26,8.4,0.5,0.7,0.778,0,0,,0.778,0.2,0.5,0.462,2.5,0.2,0.2,0.3,1.3
Wilson Chandler,PF,32,BRK,35,21,2.1,5.2,0.404,1.1,3.5,0.306,0.505,0.6,0.7,0.87,4.1,1.1,0.5,0.3,5.9
Joe Chealey,PG,24,CHO,4,8.3,0,1.8,0,0,1,0,0,0.5,0.5,1,0,0.3,1,0,0.5
Zylan Cheatham,PF,24,NOP,4,12.8,1.5,2.3,0.667,0,0.3,0,0.667,0,0,,2.3,0.8,0.3,0.3,3
Chris Chiozza,PG,24,BRK,18,15.4,2.5,5.9,0.425,1.1,3.1,0.357,0.519,0.3,0.3,1,2.1,3.1,0.6,0.1,6.4
Marquese Chriss,PF,22,GSW,59,20.3,3.6,6.5,0.545,0.1,0.7,0.205,0.556,2,2.6,0.769,6.2,1.9,0.7,1.1,9.3
Gary Clark,SF,25,ORL,24,14.8,1.3,3.1,0.419,0.9,2.5,0.35,0.561,0.1,0.1,1,2.9,0.2,0.2,0.6,3.6
Brandon Clarke,PF,23,MEM,58,22.4,5.1,8.3,0.618,0.4,1.1,0.359,0.642,1.5,1.9,0.759,5.9,1.4,0.6,0.8,12.1
Jordan Clarkson,SG,27,UTA,42,24.7,6,12.9,0.462,2.2,6,0.366,0.548,1.5,1.9,0.785,2.8,1.6,0.7,0.2,15.6
Nicolas Claxton,C,20,BRK,15,12.5,1.8,3.2,0.563,0.1,0.5,0.143,0.573,0.7,1.4,0.524,2.9,1.1,0.1,0.5,4.4
Chris Clemons,SG,22,HOU,33,8.8,1.7,4.3,0.401,1.1,3.2,0.346,0.532,0.3,0.3,0.909,0.9,0.8,0.3,0.2,4.9
Antonius Cleveland,SG,25,DAL,11,4.2,0.4,1.3,0.286,0,0.3,0,0.286,0.3,0.5,0.6,0.6,0.1,0.1,0.3,1
Amir Coffey,SG,22,LAC,18,8.8,1.3,3,0.426,0.3,1.1,0.316,0.481,0.3,0.6,0.545,0.9,0.8,0.3,0.1,3.2
John Collins,PF,22,ATL,41,33.2,8.6,14.8,0.583,1.4,3.6,0.401,0.632,2.9,3.7,0.8,10.1,1.5,0.8,1.6,21.6
Zach Collins,PF,22,POR,11,26.4,2.9,6.2,0.471,0.6,1.7,0.368,0.522,0.5,0.7,0.75,6.3,1.5,0.5,0.5,7
Mike Conley,PG,32,UTA,47,29,4.9,12.1,0.409,2,5.4,0.375,0.494,2.4,3,0.827,3.2,4.4,0.8,0.1,14.4
Pat Connaughton,SG,27,MIL,67,18.6,2,4.5,0.455,0.8,2.5,0.331,0.547,0.5,0.6,0.775,4.2,1.6,0.4,0.5,5.4
Quinn Cook,PG,26,LAL,44,11.5,2.1,4.9,0.425,0.7,1.9,0.365,0.498,0.3,0.3,0.786,1.2,1.1,0.3,0,5.1
Tyler Cook,SF,22,DEN,2,9.5,0.5,1,0.5,0,0,,0.5,1,1,1,2,0,1,0,2
Robert Covington,C,29,HOU,22,33,4,10.3,0.392,2.4,7.6,0.315,0.509,1.1,1.4,0.8,8,1.5,1.6,2.2,11.6
Allen Crabbe,SF,27,MIN,9,14.6,1.2,3.8,0.324,0.7,2.9,0.231,0.412,0.1,0.2,0.5,1.3,0.6,0,0,3.2
Torrey Craig,SF,29,DEN,58,18.5,2.1,4.6,0.461,0.8,2.4,0.326,0.545,0.4,0.6,0.611,3.3,0.8,0.4,0.6,5.4
Jamal Crawford,SG,39,BRK,1,6,2,4,0.5,1,2,0.5,0.625,0,0,,0,3,0,0,5
Jae Crowder,PF,29,MIA,20,27.7,4,8.2,0.482,2.9,6.4,0.445,0.655,1.1,1.5,0.733,5.4,1.8,1.3,0.5,11.9
Jarrett Culver,SG,20,MIN,63,23.9,3.7,9,0.404,1,3.5,0.299,0.462,0.9,1.9,0.462,3.4,1.7,0.9,0.6,9.2
Seth Curry,SG,29,DAL,64,24.6,4.4,9,0.495,2.3,5,0.452,0.621,1.3,1.5,0.825,2.3,1.9,0.6,0.1,12.4
Stephen Curry,PG,31,GSW,5,27.8,6.6,16.4,0.402,2.4,9.8,0.245,0.476,5.2,5.2,1,5.2,6.6,1,0.4,20.8
Troy Daniels,SG,28,DEN,6,12.7,1.7,4.7,0.357,1,3.3,0.3,0.464,0,0,,1,0.5,0.5,0,4.3
Anthony Davis,PF,26,LAL,62,34.4,8.9,17.7,0.503,1.2,3.5,0.33,0.536,7.2,8.5,0.846,9.3,3.2,1.5,2.3,26.1
Ed Davis,C,30,UTA,28,10.8,0.8,1.6,0.478,0,0,,0.478,0.3,0.5,0.5,3.8,0.4,0.4,0.3,1.8
Terence Davis,SG,22,TOR,72,16.8,2.8,6.1,0.456,1.3,3.4,0.388,0.564,0.7,0.8,0.864,3.3,1.6,0.5,0.2,7.5
Dewayne Dedmon,C,30,ATL,10,23.3,3.3,8.4,0.393,0.8,3.6,0.222,0.44,0.7,0.8,0.875,8.2,0.7,1,1.5,8.1
Matthew Dellavedova,PG,29,CLE,57,14.4,1.1,3.1,0.354,0.4,1.6,0.231,0.414,0.6,0.6,0.865,1.3,3.2,0.4,0,3.1
DeMar DeRozan,SF,30,SAS,68,34.1,8.2,15.4,0.531,0.1,0.5,0.257,0.535,5.6,6.6,0.845,5.5,5.6,1,0.3,22.1
Cheick Diallo,C,23,PHO,47,10.2,2,3,0.648,0,0.1,0.333,0.651,0.7,0.8,0.872,2.8,0.5,0.2,0.3,4.7
Hamidou Diallo,SF,21,OKC,46,19.5,2.9,6.4,0.446,0.3,1.2,0.281,0.473,0.8,1.4,0.603,3.6,0.8,0.8,0.2,6.9
Gorgui Dieng,C,30,MEM,17,18.7,2.5,5.1,0.483,0.5,1.9,0.25,0.529,1.8,2.5,0.738,5.8,0.9,0.8,1,7.2
Spencer Dinwiddie,PG,26,BRK,64,31.2,6.6,16,0.415,1.9,6.3,0.308,0.476,5.4,7,0.778,3.5,6.8,0.6,0.3,20.6
Donte DiVincenzo,SG,23,MIL,66,23,3.5,7.7,0.455,1.3,3.7,0.336,0.536,1,1.3,0.733,4.8,2.3,1.3,0.3,9.2
Luka Dončić,PG,20,DAL,61,33.6,9.5,20.6,0.463,2.8,8.9,0.316,0.531,7,9.2,0.758,9.4,8.8,1,0.2,28.8
Luguentz Dort,SF,20,OKC,36,22.8,2.4,6.1,0.394,0.8,2.8,0.297,0.463,1.2,1.5,0.792,2.3,0.8,0.9,0.1,6.8
Damyean Dotson,SG,25,NYK,48,17.4,2.5,6,0.414,1.2,3.4,0.362,0.516,0.5,0.7,0.667,1.9,1.2,0.5,0.1,6.7
Sekou Doumbouya,PF,19,DET,38,19.8,2.4,6.2,0.39,0.7,2.6,0.286,0.449,0.8,1.2,0.674,3.1,0.5,0.5,0.2,6.4
PJ Dozier,SG,23,DEN,29,14.2,2.2,5.4,0.414,0.6,1.7,0.347,0.468,0.7,1,0.724,1.9,2.2,0.5,0.2,5.8
Goran Dragić,PG,33,MIA,59,28.2,5.4,12.3,0.441,2.1,5.7,0.367,0.526,3.2,4.2,0.776,3.2,5.1,0.7,0.2,16.2
Andre Drummond,C,26,CLE,8,28.1,7.3,13.1,0.552,0.5,1.8,0.286,0.571,2.5,4.9,0.513,11.1,1.8,1.5,1.4,17.5
Jared Dudley,PF,34,LAL,45,8.1,0.5,1.3,0.4,0.4,0.9,0.429,0.55,0,0,1,1.2,0.6,0.3,0.1,1.5
Kris Dunn,PG,25,CHI,51,24.9,3,6.7,0.444,0.6,2.2,0.259,0.487,0.8,1.1,0.741,3.6,3.4,2,0.3,7.3
Carsen Edwards,SG,21,BOS,37,9.5,1.1,3.5,0.328,0.6,2.1,0.316,0.422,0.4,0.5,0.684,1.3,0.6,0.3,0.1,3.3
Henry Ellenson,C,23,BRK,5,3,0.2,1.4,0.143,0,0.8,0,0.143,0,0,,1.2,0.2,0,0,0.4
Wayne Ellington,SG,32,NYK,36,15.5,1.7,4.8,0.351,1.4,4,0.35,0.494,0.3,0.4,0.846,1.8,1.2,0.4,0.1,5.1
Joel Embiid,C,25,PHI,51,29.5,7.5,15.7,0.477,1.1,3.4,0.331,0.512,6.9,8.5,0.807,11.6,3,0.9,1.3,23
James Ennis,SG,29,ORL,20,24.5,3,6.7,0.451,0.9,3.2,0.286,0.519,1.6,1.9,0.838,4.8,1.1,0.6,0.4,8.5
Drew Eubanks,C,22,SAS,22,12.4,2,3,0.642,0,0,1,0.649,0.9,1.2,0.769,3.9,0.7,0.2,0.8,4.9
Jacob Evans,SG,22,MIN,2,2,0,0.5,0,0,0.5,0,0,0,0,,0,0,0,0,0
Dante Exum,SG,24,CLE,24,16.8,1.9,4,0.479,0.5,1.5,0.351,0.547,1.3,1.7,0.732,2.3,1.4,0.5,0.3,5.6
Tacko Fall,C,24,BOS,7,4.7,1.6,2,0.786,0,0,,0.786,0.1,0.4,0.333,2.1,0.1,0.1,0.6,3.3
Derrick Favors,C,28,NOP,51,24.4,4.1,6.6,0.617,0,0.1,0.143,0.618,0.8,1.4,0.563,9.8,1.6,0.6,0.9,9
Cristiano Felício,C,27,CHI,22,17.5,1.5,2.5,0.63,0,0.1,0,0.63,0.8,1,0.783,4.6,0.7,0.5,0.1,3.9
Terrance Ferguson,SF,21,OKC,56,22.4,1.4,3.9,0.355,0.9,3,0.292,0.466,0.3,0.4,0.75,1.3,0.9,0.5,0.3,3.9
Bruno Fernando,C,21,ATL,56,12.7,1.8,3.6,0.518,0.1,0.7,0.135,0.53,0.5,0.9,0.569,3.5,0.9,0.3,0.3,4.3
Yogi Ferrell,PG,26,SAC,50,10.6,1.6,3.8,0.42,0.5,1.6,0.304,0.484,0.7,0.8,0.857,1,1.4,0.4,0.1,4.4
Dorian Finney-Smith,PF,26,DAL,71,29.9,3.4,7.4,0.466,1.6,4.3,0.376,0.575,1.1,1.5,0.722,5.7,1.6,0.6,0.5,9.5
Bryn Forbes,SG,26,SAS,63,25.1,3.8,9.2,0.417,2.3,6,0.388,0.544,1.2,1.4,0.833,2,1.7,0.5,0,11.2
Evan Fournier,SF,27,ORL,66,31.5,6.6,14.1,0.467,2.6,6.6,0.399,0.56,2.7,3.3,0.818,2.6,3.2,1.1,0.2,18.5
De'Aaron Fox,PG,22,SAC,51,32,7.7,16,0.48,1.1,3.6,0.292,0.513,4.7,6.7,0.705,3.8,6.8,1.5,0.5,21.1
Melvin Frazier,SG,23,ORL,19,6.6,0.8,1.8,0.441,0.4,0.8,0.5,0.559,0.1,0.2,0.5,0.5,0.2,0.5,0.1,2.1
Michael Frazier,SG,25,HOU,13,11.2,0.5,2.2,0.241,0.3,1.8,0.174,0.31,0.7,1.1,0.643,0.8,0.2,0.2,0,2.1
Tim Frazier,PG,29,DET,27,13.1,1.3,3.5,0.362,0.4,1.1,0.333,0.415,0.7,0.9,0.792,1.2,3.4,0.5,0.1,3.6
Markelle Fultz,PG,21,ORL,72,27.7,5,10.7,0.465,0.5,1.9,0.267,0.488,1.6,2.2,0.73,3.3,5.1,1.3,0.2,12.1
Wenyen Gabriel,PF,22,POR,19,9.2,0.8,1.6,0.484,0.3,0.6,0.417,0.565,0.5,0.6,0.75,2.2,0.3,0.4,0.3,2.3
Daniel Gafford,C,21,CHI,43,14.2,2.2,3.1,0.701,0,0,,0.701,0.7,1.4,0.533,2.5,0.5,0.3,1.3,5.1
Danilo Gallinari,PF,31,OKC,62,29.6,5.8,13.2,0.438,2.9,7.1,0.405,0.547,4.3,4.8,0.893,5.2,1.9,0.7,0.1,18.7
Langston Galloway,SG,28,DET,66,25.8,3.6,8.2,0.435,2,5,0.399,0.557,1.1,1.3,0.859,2.3,1.5,0.7,0.2,10.3
Darius Garland,SG,20,CLE,59,30.9,4.7,11.8,0.401,1.8,5,0.355,0.476,1.1,1.2,0.875,1.9,3.9,0.7,0.1,12.3
Marc Gasol,C,35,TOR,44,26.4,2.7,6.3,0.427,1.3,3.4,0.385,0.529,0.8,1.1,0.735,6.3,3.3,0.8,0.9,7.5
Rudy Gay,PF,33,SAS,67,21.8,4,8.9,0.446,1.1,3.3,0.336,0.508,1.8,2,0.882,5.4,1.7,0.5,0.5,10.8
Paul George,SF,29,LAC,48,29.6,7.1,16.3,0.439,3.3,7.9,0.412,0.539,4,4.5,0.876,5.7,3.9,1.4,0.4,21.5
Taj Gibson,C,34,NYK,62,16.5,2.7,4.6,0.584,0.1,0.2,0.286,0.591,0.7,0.9,0.732,4.3,0.8,0.4,0.5,6.1
Harry Giles,C,21,SAC,46,14.5,3,5.5,0.554,0,0,0,0.554,0.8,1.1,0.776,4.1,1.3,0.5,0.4,6.9
Shai Gilgeous-Alexander,SG,21,OKC,70,34.7,6.8,14.5,0.471,1.2,3.6,0.347,0.514,4.1,5.1,0.807,5.9,3.3,1.1,0.7,19
Rudy Gobert,C,27,UTA,68,34.3,5.7,8.2,0.693,0,0,,0.693,3.7,5.9,0.63,13.5,1.5,0.8,2,15.1
Brandon Goodwin,PG,24,ATL,34,12.6,2.2,5.6,0.4,0.8,2.6,0.299,0.468,0.8,0.9,0.933,2.1,1.5,0.4,0.1,6.1
Aaron Gordon,PF,24,ORL,62,32.5,5.4,12.4,0.437,1.2,3.8,0.308,0.484,2.4,3.6,0.674,7.7,3.7,0.8,0.6,14.4
Eric Gordon,SF,31,HOU,36,28.2,4.8,12.9,0.369,2.7,8.4,0.317,0.473,2.3,3,0.766,2,1.5,0.6,0.4,14.4
Devonte' Graham,PG,24,CHO,63,35.1,5.8,15.3,0.382,3.5,9.3,0.373,0.495,3,3.7,0.82,3.4,7.5,1,0.2,18.2
Treveon Graham,SF,26,ATL,22,12.1,1.1,3,0.373,0.6,1.7,0.351,0.47,0.4,0.9,0.474,2.3,0.7,0.3,0.2,3.3
Jerami Grant,PF,25,DEN,71,26.6,4.3,8.9,0.478,1.4,3.5,0.389,0.555,2.1,2.8,0.75,3.5,1.2,0.7,0.8,12
Jerian Grant,SG,27,WAS,6,13.3,1.7,4.5,0.37,0.3,1.3,0.25,0.407,0.8,1.2,0.714,1,1.5,0.2,0.2,4.5
Josh Gray,PG,26,NOP,2,11.5,0.5,1,0.5,0,0,,0.5,0,0,,1,1,0,0,1
Danny Green,SG,32,LAL,68,24.8,2.9,7,0.416,1.8,4.8,0.367,0.542,0.5,0.7,0.688,3.3,1.3,1.3,0.5,8
Draymond Green,PF,29,GSW,43,28.4,2.9,7.3,0.389,0.8,3,0.279,0.446,1.5,1.9,0.759,6.2,6.2,1.4,0.8,8
JaMychal Green,PF,29,LAC,63,20.7,2.4,5.6,0.429,1.5,3.8,0.387,0.56,0.6,0.8,0.75,6.2,0.8,0.5,0.4,6.8
Javonte Green,SG,26,BOS,48,9.8,1.3,2.6,0.5,0.2,0.7,0.273,0.536,0.6,0.9,0.667,1.9,0.5,0.5,0.2,3.4
Jeff Green,C,33,HOU,18,22.6,4.7,8.3,0.564,1.6,4.4,0.354,0.658,1.3,1.6,0.857,2.9,1.7,0.8,0.5,12.2
Blake Griffin,PF,30,DET,18,28.4,4.9,13.9,0.352,1.5,6.2,0.243,0.406,4.2,5.4,0.776,4.7,3.3,0.4,0.4,15.5
Marko Guduric,SG,24,MEM,44,11,1.4,3.6,0.395,0.6,1.9,0.301,0.475,0.5,0.6,0.923,1.7,1,0.3,0.2,3.9
Kyle Guy,SG,22,SAC,3,3.3,0.7,1.7,0.4,0,1,0,0.4,0,0,,0.3,0.3,0,0,1.3
Rui Hachimura,PF,21,WAS,48,30.1,5.3,11.4,0.466,0.5,1.8,0.287,0.489,2.4,2.9,0.829,6.1,1.8,0.8,0.2,13.5
Devon Hall,PG,24,OKC,11,7.4,0.5,2.7,0.2,0.4,1.5,0.235,0.267,0.4,0.7,0.5,0.6,1.2,0.4,0.1,1.8
Donta Hall,C,22,BRK,5,17,2.8,3.6,0.778,0,0,,0.778,1,2.4,0.417,4.6,0.4,0.4,1,6.6
Dusty Hannahs,SG,26,MEM,2,6.5,2,4.5,0.444,1,1.5,0.667,0.556,1,1,1,0.5,0,0,0,6
Tim Hardaway Jr.,SG,27,DAL,71,29.5,5.4,12.5,0.434,2.9,7.2,0.398,0.55,2.1,2.6,0.819,3.3,1.9,0.6,0.1,15.8
James Harden,SG,30,HOU,68,36.5,9.9,22.3,0.444,4.4,12.4,0.355,0.543,10.2,11.8,0.865,6.6,7.5,1.8,0.9,34.3
Maurice Harkless,SF,26,NYK,12,23.8,2.5,5.5,0.455,0.6,2.1,0.28,0.508,1.3,2,0.625,3.3,1.7,0.8,0.3,6.8
Jared Harper,PG,22,PHO,3,2.7,0.3,1.3,0.25,0,0.7,0,0.25,0,0,,0,0,0,0,0.7
Montrezl Harrell,C,26,LAC,63,27.8,7.5,12.9,0.58,0,0.3,0,0.58,3.7,5.6,0.658,7.1,1.7,0.6,1.1,18.6
Gary Harris,SG,25,DEN,56,31.8,3.9,9.3,0.42,1.3,3.8,0.333,0.487,1.3,1.6,0.815,2.9,2.1,1.4,0.3,10.4
Joe Harris,SF,28,BRK,69,30.8,5.5,11.4,0.486,2.5,5.9,0.424,0.596,0.9,1.3,0.719,4.3,2.1,0.6,0.2,14.5
Tobias Harris,PF,27,PHI,72,34.3,7.7,16.3,0.471,1.8,5,0.367,0.527,2.4,3,0.806,6.9,3.2,0.7,0.6,19.6
Shaquille Harrison,SG,26,CHI,43,11.3,1.8,3.8,0.467,0.4,1,0.381,0.515,0.9,1.2,0.78,2,1.1,0.8,0.4,4.9
Josh Hart,SF,24,NOP,65,27,3.5,8.2,0.423,1.9,5.4,0.342,0.537,1.3,1.8,0.739,6.5,1.7,1,0.4,10.1
Isaiah Hartenstein,C,21,HOU,23,11.6,1.9,2.9,0.657,0,0.2,0,0.657,0.8,1.2,0.679,3.9,0.8,0.4,0.5,4.7
Udonis Haslem,C,39,MIA,4,11,1,2.8,0.364,0.3,0.8,0.333,0.409,0.8,1,0.75,4,0.3,0,0,3
Jaxson Hayes,C,19,NOP,64,16.9,2.7,4,0.672,0,0.1,0.25,0.674,1.9,3,0.647,4,0.9,0.4,0.9,7.4
Gordon Hayward,SF,29,BOS,52,33.5,6.7,13.5,0.5,1.6,4.3,0.383,0.561,2.4,2.8,0.855,6.7,4.1,0.7,0.4,17.5
John Henson,C,29,DET,11,17.1,3.1,4.6,0.667,0.2,0.5,0.4,0.686,0.5,1.2,0.462,4.4,1,0.7,0.9,6.9
Dewan Hernandez,C,23,TOR,6,4.7,0.8,2.3,0.357,0.2,0.3,0.5,0.393,0.5,0.8,0.6,2.3,0.5,0.2,0,2.3
Juan Hernangómez,PF,24,MIN,14,29.4,4.4,9.8,0.453,2.1,4.9,0.42,0.558,2,3.3,0.609,7.3,1.3,1,0.3,12.9
Willy Hernangómez,C,25,CHO,31,12.1,2.4,4.5,0.532,0.2,0.7,0.227,0.55,1.2,1.9,0.627,4.3,0.9,0.3,0.2,6.1
Tyler Herro,SG,20,MIA,55,27.4,4.9,11.5,0.428,2.1,5.4,0.389,0.52,1.6,1.8,0.87,4.1,2.2,0.6,0.2,13.5
Kevin Hervey,PF,23,OKC,10,5.2,0.7,2.7,0.259,0.3,2,0.15,0.315,0,0,,1.2,0.5,0.1,0.1,1.7
Mario Hezonja,PF,24,POR,53,16.4,1.7,4.1,0.422,0.5,1.5,0.308,0.477,0.9,1.1,0.814,3.5,0.9,0.7,0.2,4.8
Buddy Hield,SG,27,SAC,72,30.8,6.9,16.1,0.429,3.8,9.6,0.394,0.545,1.6,1.9,0.846,4.6,3,0.9,0.2,19.2
George Hill,PG,33,MIL,59,21.5,3.3,6.4,0.516,1.4,3,0.46,0.624,1.4,1.7,0.842,3,3.1,0.8,0.1,9.4
Solomon Hill,PF,28,MIA,11,17,1.3,4.1,0.311,0.6,2.2,0.292,0.389,1.3,1.5,0.875,1.9,0.9,1.1,0.5,4.5
Jaylen Hoard,PF,20,POR,13,7.9,1.2,2.5,0.469,0,0.2,0,0.469,0.6,1,0.615,2.5,0.3,0.4,0,2.9
Aaron Holiday,PG,23,IND,66,24.5,3.5,8.5,0.414,1.3,3.3,0.394,0.491,1.1,1.3,0.851,2.4,3.4,0.8,0.2,9.5
Jrue Holiday,SG,29,NOP,61,34.7,7.5,16.5,0.455,2,5.7,0.353,0.516,2.1,3,0.709,4.8,6.7,1.6,0.8,19.1
Justin Holiday,SF,30,IND,73,25,2.8,6.7,0.428,1.8,4.5,0.405,0.566,0.7,0.9,0.791,3.3,1.3,1.2,0.6,8.3
Rondae Hollis-Jefferson,PF,25,TOR,60,18.7,2.6,5.5,0.471,0.1,0.4,0.13,0.476,1.8,2.4,0.734,4.7,1.8,0.8,0.4,7
Richaun Holmes,C,26,SAC,44,28.2,5.1,7.8,0.648,0,0,,0.648,2.1,2.7,0.788,8.1,1,0.9,1.3,12.3
Rodney Hood,SF,27,POR,21,29.5,4.1,8.2,0.506,1.7,3.4,0.493,0.608,1,1.3,0.778,3.4,1.5,0.8,0.2,11
Al Horford,C,33,PHI,67,30.2,4.8,10.6,0.45,1.5,4.2,0.35,0.52,0.9,1.2,0.763,6.8,4,0.8,0.9,11.9
Talen Horton-Tucker,SG,19,LAL,6,13.5,2.3,5,0.467,0.7,2.2,0.308,0.533,0.3,0.7,0.5,1.2,1,1.3,0.2,5.7
Danuel House,SF,26,HOU,63,30.4,3.7,8.6,0.427,2,5.6,0.363,0.546,1.2,1.4,0.811,4.2,1.3,1.1,0.5,10.5
Dwight Howard,C,34,LAL,69,18.9,2.9,4,0.729,0,0.1,0.6,0.735,1.6,3.1,0.514,7.3,0.7,0.4,1.1,7.5
William Howard,PF,26,HOU,2,6.5,0,2,0,0,2,0,0,0,0,,1,0.5,0,0,0
Kevin Huerter,SG,21,ATL,56,31.4,4.5,10.9,0.413,2.3,6,0.38,0.517,0.9,1.1,0.828,4.1,3.8,0.9,0.5,12.2
De'Andre Hunter,SF,22,ATL,63,32,4.4,10.8,0.41,1.7,4.8,0.355,0.489,1.7,2.3,0.764,4.5,1.8,0.7,0.3,12.3
Chandler Hutchison,SF,23,CHI,28,18.8,2.9,6.3,0.457,0.4,1.4,0.316,0.491,1.6,2.8,0.59,3.9,0.9,1,0.3,7.8
Serge Ibaka,C,30,TOR,55,27,6.2,12.2,0.512,1.3,3.3,0.385,0.564,1.6,2.3,0.718,8.2,1.4,0.5,0.8,15.4
Andre Iguodala,SF,36,MIA,21,19.9,1.8,4.2,0.432,0.7,2.2,0.298,0.511,0.3,0.7,0.4,3.7,2.4,0.7,1,4.6
Ersan İlyasova,PF,32,MIL,63,15.7,2.3,5,0.466,0.8,2.2,0.365,0.546,1.1,1.4,0.828,4.8,0.8,0.4,0.3,6.6
Joe Ingles,PF,32,UTA,72,29.7,3.4,7.7,0.445,2,4.9,0.399,0.572,1,1.3,0.787,3.9,5.2,0.9,0.2,9.8
Brandon Ingram,PF,22,NOP,62,33.9,8.2,17.7,0.463,2.4,6.2,0.391,0.531,5,5.9,0.851,6.1,4.2,1,0.6,23.8
Kyrie Irving,PG,27,BRK,20,32.9,10,20.8,0.478,2.8,7.1,0.394,0.546,4.7,5.1,0.922,5.2,6.4,1.4,0.5,27.4
Jonathan Isaac,PF,22,ORL,34,28.8,4.6,9.8,0.47,0.9,2.8,0.34,0.518,1.8,2.3,0.779,6.8,1.4,1.6,2.3,11.9
Wesley Iwundu,SF,25,ORL,52,18.3,1.9,4.5,0.416,0.5,1.6,0.341,0.476,1.5,1.9,0.804,2.5,1.2,0.5,0.3,5.8
Frank Jackson,PG,21,NOP,59,13.5,2.3,5.6,0.405,0.8,2.4,0.326,0.476,0.9,1.3,0.747,1.4,1,0.3,0.1,6.3
Jaren Jackson Jr.,C,20,MEM,57,28.5,6.2,13.2,0.469,2.5,6.5,0.394,0.565,2.4,3.3,0.747,4.6,1.4,0.7,1.6,17.4
Josh Jackson,SF,22,MEM,22,17.3,3.2,7.2,0.44,1,3.3,0.319,0.513,1.6,2.3,0.7,3,1.6,0.8,0.4,9
Justin Jackson,PF,24,DAL,65,16.1,2.1,5.2,0.396,0.7,2.5,0.294,0.466,0.6,0.8,0.84,2.4,0.8,0.2,0.2,5.5
Reggie Jackson,SG,29,LAC,17,21.3,3.4,7.5,0.453,1.5,3.7,0.413,0.555,1.1,1.2,0.905,3,3.2,0.3,0.2,9.5
Justin James,SF,23,SAC,36,6.4,1,2.3,0.417,0.3,0.8,0.31,0.47,0.3,0.6,0.476,0.9,0.5,0.2,0.3,2.5
LeBron James,PG,35,LAL,67,34.6,9.6,19.4,0.493,2.2,6.3,0.348,0.55,3.9,5.7,0.693,7.8,10.2,1.2,0.5,25.3
Amile Jefferson,PF,26,ORL,18,4.1,0.3,0.8,0.357,0,0,,0.357,0.3,0.8,0.357,1.3,0.2,0.1,0.2,0.8
DaQuan Jeffries,SG,22,SAC,13,10.8,1.5,3.1,0.5,0.4,1.4,0.278,0.563,0.4,0.5,0.833,1.4,0.5,0.3,0.1,3.8
Ty Jerome,SG,22,PHO,31,10.6,1.2,3.6,0.336,0.5,1.6,0.28,0.398,0.4,0.5,0.75,1.5,1.4,0.5,0.1,3.3
Alize Johnson,PF,23,IND,17,6.9,0.7,1.7,0.414,0.2,0.5,0.375,0.466,0.4,0.6,0.7,2.8,0.4,0.2,0.1,2
B.J. Johnson,SF,24,ORL,10,8.3,0.9,3.2,0.281,0.3,0.9,0.333,0.328,0.9,1,0.9,1.5,0.3,0.3,0,3
Cameron Johnson,PF,23,PHO,57,22,3.1,7.1,0.435,1.9,4.8,0.39,0.565,0.8,1,0.807,3.3,1.2,0.6,0.4,8.8
James Johnson,C,32,MIN,14,24.1,4.6,9.1,0.5,1.2,3.3,0.37,0.566,1.6,2.4,0.676,4.7,3.8,1.4,1.4,12
Keldon Johnson,SF,20,SAS,17,17.7,3.1,5.2,0.596,0.8,1.3,0.591,0.669,2.1,2.6,0.795,3.4,0.9,0.8,0.1,9.1
Stanley Johnson,PF,23,TOR,25,6,0.9,2.4,0.373,0.3,1,0.292,0.432,0.4,0.6,0.563,1.5,0.8,0.2,0.2,2.4
Tyler Johnson,SG,27,BRK,8,24.3,4,9.9,0.405,1.8,4.5,0.389,0.494,2.3,2.3,1,3,3,0.5,0.1,12
Nikola Jokić,C,24,DEN,73,32,7.7,14.7,0.528,1.1,3.5,0.314,0.565,3.4,4.1,0.817,9.7,7,1.2,0.6,19.9
Damian Jones,C,24,ATL,55,16.1,2.2,3.2,0.68,0,0.2,0.222,0.685,1.1,1.5,0.738,3.7,0.6,0.5,0.7,5.6
Derrick Jones Jr.,SF,22,MIA,59,23.3,3.1,5.9,0.527,0.6,2.2,0.28,0.58,1.6,2.1,0.772,3.9,1.1,1,0.6,8.5
Tyus Jones,PG,23,MEM,65,19,3,6.6,0.459,0.7,1.9,0.379,0.514,0.7,0.9,0.741,1.6,4.4,0.9,0.1,7.4
DeAndre Jordan,C,31,BRK,56,22,3.4,5.1,0.666,0,0,,0.666,1.5,2.2,0.68,10,1.9,0.3,0.9,8.3
Cory Joseph,PG,28,SAC,72,24.4,2.4,5.7,0.415,0.8,2.2,0.352,0.483,0.8,1,0.857,2.6,3.5,0.7,0.3,6.4
Mfiondu Kabengele,C,22,LAC,12,5.3,1.2,2.7,0.438,0.8,1.7,0.45,0.578,0.4,0.4,1,0.9,0.2,0.2,0.2,3.5
Frank Kaminsky,C,26,PHO,39,19.9,3.5,7.9,0.45,1.1,3.2,0.331,0.516,1.6,2.3,0.678,4.5,1.9,0.4,0.3,9.7
Enes Kanter,C,27,BOS,58,16.9,3.4,6,0.572,0,0.1,0.143,0.573,1.2,1.7,0.707,7.4,1,0.4,0.7,8.1
Luke Kennard,SG,23,DET,28,32.9,5.4,12.2,0.442,2.6,6.5,0.399,0.548,2.4,2.7,0.893,3.5,4.1,0.4,0.2,15.8
Stanton Kidd,SG,27,UTA,4,3.8,0,0.8,0,0,0.3,0,0,0,0,,0.8,0.3,0,0,0
Michael Kidd-Gilchrist,PF,26,DAL,13,9.3,0.3,1,0.308,0,0.2,0,0.308,0.3,0.4,0.8,2.5,0.3,0.2,0.2,0.9
Louis King,SF,20,DET,10,6.2,0.8,2.1,0.381,0.4,1.1,0.364,0.476,0,0.3,0,1,0.5,0.2,0,2
Maxi Kleber,PF,28,DAL,74,25.5,3.2,6.9,0.461,1.6,4.3,0.373,0.577,1.1,1.3,0.849,5.2,1.2,0.3,1.1,9.1
Brandon Knight,PG,28,DET,9,24.6,3.4,9,0.383,2.9,7.4,0.388,0.543,1.8,2.3,0.762,2.3,4.2,0.6,0.1,11.6
Kevin Knox,SF,20,NYK,65,17.9,2.2,6.2,0.359,1,3.1,0.327,0.44,1,1.6,0.653,2.8,0.9,0.4,0.4,6.4
John Konchar,SG,23,MEM,19,9.5,1.3,1.9,0.649,0.3,0.5,0.5,0.716,0.1,0.1,0.5,2.5,1.2,0.4,0.2,2.8
Furkan Korkmaz,SG,22,PHI,72,21.7,3.4,7.8,0.43,2,4.9,0.402,0.557,1.1,1.4,0.755,2.3,1.1,0.6,0.2,9.8
Luke Kornet,C,24,CHI,36,15.5,2.3,5.2,0.439,0.9,3,0.287,0.521,0.6,0.8,0.714,2.3,0.9,0.3,0.7,6
Kyle Korver,SF,38,MIL,58,16.6,2.2,5.1,0.43,1.7,4.1,0.418,0.599,0.6,0.7,0.854,2.1,1.2,0.4,0.2,6.7
Rodions Kurucs,PF,21,BRK,47,14.6,1.7,3.8,0.446,0.7,1.9,0.367,0.54,0.5,0.8,0.632,2.9,1.1,0.5,0.1,4.6
Kyle Kuzma,PF,24,LAL,61,25,4.8,11,0.436,1.4,4.5,0.316,0.5,1.9,2.5,0.735,4.5,1.3,0.5,0.4,12.8
Skal Labissière,C,23,POR,33,17.2,2.5,4.5,0.551,0.1,0.4,0.231,0.561,0.8,1,0.758,5.1,1.3,0.2,0.9,5.8
Jeremy Lamb,SG,27,IND,46,28.1,4.7,10.4,0.451,1.2,3.4,0.335,0.506,2,2.4,0.836,4.3,2.1,1.2,0.5,12.5
Romeo Langford,SG,20,BOS,32,11.6,0.9,2.5,0.35,0.2,0.8,0.185,0.381,0.6,0.8,0.72,1.3,0.4,0.3,0.3,2.5
Zach LaVine,SG,24,CHI,60,34.8,9,20,0.45,3.1,8.1,0.38,0.526,4.5,5.6,0.802,4.8,4.2,1.5,0.5,25.5
Vic Law,PF,24,ORL,8,7.8,0.8,2.3,0.333,0.1,0.9,0.143,0.361,0.3,0.8,0.333,1.4,0.4,0.3,0,1.9
Jake Layman,SF,25,MIN,23,22,3.5,7.8,0.453,1,3.1,0.333,0.52,1,1.4,0.75,2.5,0.7,0.7,0.4,9.1
T.J. Leaf,PF,22,IND,28,7.9,1.3,3.1,0.419,0.2,0.6,0.278,0.448,0.3,0.6,0.438,2.5,0.3,0.4,0.1,3
Jalen Lecque,SG,19,PHO,5,6.4,0.8,2,0.4,0,0.8,0,0.4,0.4,0.4,1,0.4,0.4,0,0,2
Courtney Lee,SG,34,DAL,24,14.4,1.7,3.4,0.488,0.9,2,0.447,0.616,0.3,0.3,0.857,1.3,0.5,0.8,0.3,4.5
Damion Lee,SG,27,GSW,49,29,4.3,10.4,0.417,1.7,4.9,0.356,0.5,2.2,2.6,0.873,4.9,2.7,1,0.1,12.7
Alex Len,C,26,SAC,15,15,2.3,3.9,0.593,0.1,0.2,0.667,0.61,1.1,1.6,0.708,6.1,0.5,0.2,1,5.9
Kawhi Leonard,SF,28,LAC,57,32.4,9.3,19.9,0.47,2.2,5.7,0.378,0.524,6.2,7.1,0.886,7.1,4.9,1.8,0.6,27.1
Meyers Leonard,C,27,MIA,51,20.3,2.3,4.6,0.509,1,2.5,0.414,0.622,0.4,0.5,0.643,5.1,1.1,0.3,0.3,6.1
Caris LeVert,SG,25,BRK,45,29.6,6.9,16.3,0.425,1.8,4.9,0.364,0.48,3.1,4.4,0.711,4.2,4.4,1.2,0.2,18.7
Damian Lillard,PG,29,POR,66,37.5,9.5,20.4,0.463,4.1,10.2,0.401,0.563,7,7.8,0.888,4.3,8,1.1,0.3,30
Nassir Little,PF,19,POR,48,11.9,1.4,3.1,0.43,0.3,1.2,0.237,0.477,0.6,0.9,0.636,2.3,0.5,0.3,0.3,3.6
Kevon Looney,C,23,GSW,20,13.1,1.5,4,0.367,0.1,0.7,0.071,0.373,0.5,0.6,0.75,3.3,1,0.6,0.3,3.4
Brook Lopez,C,31,MIL,68,26.7,4.3,9.9,0.435,1.5,4.8,0.314,0.511,1.9,2.2,0.836,4.6,1.5,0.7,2.4,12
Robin Lopez,C,31,MIL,66,14.5,2.2,4.5,0.492,0.5,1.6,0.333,0.55,0.4,0.8,0.528,2.4,0.7,0.2,0.7,5.4
Kevin Love,PF,31,CLE,56,31.8,5.8,13,0.45,2.6,7,0.374,0.55,3.3,3.9,0.854,9.8,3.2,0.6,0.3,17.6
Kyle Lowry,PG,33,TOR,58,36.2,5.8,13.8,0.416,2.8,8,0.352,0.518,5.1,5.9,0.857,5,7.5,1.4,0.4,19.4
Timothé Luwawu-Cabarrot,SF,24,BRK,47,18.1,2.5,5.7,0.435,1.3,3.4,0.388,0.55,1.5,1.7,0.852,2.7,0.6,0.4,0.1,7.8
Trey Lyles,PF,24,SAS,63,20.2,2.4,5.4,0.446,1,2.7,0.387,0.541,0.5,0.7,0.733,5.7,1.1,0.4,0.4,6.4
Daryl Macon,PG,24,MIA,4,3.5,0.3,0.8,0.333,0.3,0.5,0.5,0.5,0,0,,0,0.3,0,0,0.8
J.P. Macura,SG,24,CLE,1,1,0,0,,0,0,,,0,0,,0,0,0,0,0
Josh Magette,PG,30,ORL,8,4.8,0.6,1.9,0.333,0.1,0.5,0.25,0.367,0.1,0.3,0.5,0.8,0.6,0.4,0.1,1.5
Ian Mahinmi,C,33,WAS,38,21.3,2.7,5.5,0.495,0.1,0.7,0.192,0.507,1.8,3,0.619,5.7,1.3,0.8,1.2,7.4
Thon Maker,C,22,DET,60,12.9,1.6,3.2,0.482,0.4,1.1,0.344,0.539,1.2,1.8,0.664,2.8,0.7,0.4,0.7,4.7
Terance Mann,SF,23,LAC,41,8.8,0.9,1.9,0.468,0.2,0.5,0.35,0.513,0.4,0.7,0.667,1.3,1.3,0.3,0.1,2.4
Boban Marjanović,C,31,DAL,44,9.6,2.8,4.8,0.573,0.1,0.4,0.235,0.583,1,1.3,0.754,4.5,0.5,0.2,0.2,6.6
Lauri Markkanen,PF,22,CHI,50,29.8,5,11.8,0.425,2.2,6.3,0.344,0.517,2.5,3.1,0.824,6.3,1.5,0.8,0.5,14.7
Caleb Martin,SF,24,CHO,18,17.6,2.1,4.7,0.44,1.1,2.1,0.541,0.56,0.9,1.2,0.81,2.1,1.3,0.7,0.4,6.2
Cody Martin,SF,24,CHO,48,18.8,1.9,4.3,0.43,0.4,1.6,0.234,0.473,0.9,1.4,0.646,3.3,2,0.8,0.2,5
Jeremiah Martin,PG,23,BRK,9,11,2.7,5.9,0.453,0.6,2,0.278,0.5,1.2,1.6,0.786,1.1,2,0.8,0.2,7.1
Kelan Martin,SF,24,MIN,31,16,2.3,5.8,0.392,0.8,3.1,0.26,0.461,1,1,0.968,3.1,0.7,0.2,0.3,6.4
Frank Mason III,PG,25,MIL,9,13.1,2.6,5.7,0.451,0.7,2.3,0.286,0.51,1.1,1.9,0.588,2.1,3.2,0.6,0.1,6.9
Garrison Mathews,SG,23,WAS,18,12.6,1.3,3.1,0.429,1.1,2.6,0.413,0.598,1.7,1.9,0.912,1.3,0.6,0.4,0.1,5.4
Wesley Matthews,SG,33,MIL,67,24.4,2.5,6.3,0.396,1.6,4.4,0.364,0.524,0.8,1,0.765,2.5,1.4,0.6,0.1,7.4
Luc Mbah a Moute,PF,33,HOU,3,8.3,0.7,1.7,0.4,0,0.7,0,0.4,0.3,0.7,0.5,0.7,0,0.7,0,1.7
Patrick McCaw,SF,24,TOR,37,24.5,1.8,4.4,0.414,0.6,1.9,0.324,0.485,0.4,0.5,0.722,2.3,2.1,1.1,0.1,4.6
CJ McCollum,SG,28,POR,70,36.5,8.7,19.4,0.451,2.8,7.3,0.379,0.522,2,2.6,0.757,4.2,4.4,0.8,0.6,22.2
T.J. McConnell,PG,27,IND,71,18.7,3,5.8,0.516,0.1,0.2,0.294,0.522,0.5,0.6,0.833,2.7,5,0.8,0.2,6.5
Jalen McDaniels,SF,22,CHO,16,18.3,2.1,4.4,0.471,0.6,1.5,0.375,0.536,0.9,1.1,0.824,4.1,0.8,0.5,0.2,5.6
Doug McDermott,PF,28,IND,69,19.9,3.9,7.9,0.488,1.9,4.3,0.435,0.605,0.7,0.8,0.828,2.5,1.1,0.2,0.1,10.3
JaVale McGee,C,32,LAL,68,16.6,2.9,4.5,0.637,0,0.1,0.5,0.642,0.8,1.2,0.646,5.7,0.5,0.5,1.4,6.6
Rodney McGruder,SG,28,LAC,56,15.6,1.3,3.2,0.398,0.4,1.6,0.27,0.464,0.3,0.6,0.559,2.7,0.6,0.5,0.1,3.3
Alfonzo McKinnie,SF,27,CLE,40,14.8,1.8,4.3,0.427,0.4,1.6,0.215,0.468,0.6,0.8,0.71,2.8,0.4,0.6,0.2,4.6
Jordan McLaughlin,PG,23,MIN,30,19.7,2.9,5.9,0.489,1,2.5,0.382,0.57,0.9,1.3,0.667,1.6,4.2,1.1,0.1,7.6
Ben McLemore,SF,26,HOU,71,22.8,3.4,7.7,0.444,2.5,6.4,0.4,0.61,0.7,0.9,0.746,2.2,0.8,0.6,0.2,10.1
Jordan McRae,SG,28,DET,4,24.5,3.5,10.8,0.326,0.8,4,0.188,0.36,4,5.5,0.727,3.8,1.8,0,0,11.8
Nicolò Melli,C,29,NOP,60,17.4,2.3,5.4,0.421,1.2,3.4,0.335,0.528,0.9,1.2,0.74,3,1.4,0.6,0.4,6.6
De'Anthony Melton,PG,21,MEM,60,19.5,2.7,6.7,0.401,0.7,2.3,0.286,0.451,1.6,2,0.769,3.7,2.9,1.3,0.3,7.6
Chimezie Metu,C,22,SAS,18,5.8,1.3,2.3,0.571,0,0.1,0,0.571,0.6,0.7,0.769,1.8,0.6,0.2,0.3,3.2
Khris Middleton,SF,28,MIL,62,29.9,7.6,15.3,0.497,2.4,5.7,0.415,0.575,3.4,3.7,0.916,6.2,4.3,0.9,0.1,20.9
Eric Mika,C,25,SAC,1,19,2,3,0.667,0,0,,0.667,2,2,1,7,0,0,0,6
C.J. Miles,SF,32,WAS,10,16.1,1.9,5.9,0.322,1.1,3.5,0.314,0.415,1.5,2,0.75,1.2,1.2,1,0.4,6.4
Malcolm Miller,SF,26,TOR,28,5.8,0.4,1,0.414,0.3,0.8,0.364,0.552,0.1,0.3,0.375,0.6,0.4,0.2,0.1,1.3
Patty Mills,PG,31,SAS,66,22.5,3.9,9.1,0.431,2.3,6.1,0.382,0.56,1.5,1.7,0.866,1.6,1.8,0.8,0.1,11.6
Paul Millsap,PF,34,DEN,51,24.3,4.1,8.6,0.482,1.1,2.4,0.435,0.543,2.3,2.8,0.816,5.7,1.6,0.9,0.6,11.6
Shake Milton,SG,23,PHI,40,20.1,3.4,6.9,0.484,1.5,3.4,0.43,0.588,1.3,1.6,0.785,2.2,2.6,0.5,0.2,9.4
Donovan Mitchell,SG,23,UTA,69,34.3,8.7,19.4,0.449,2.5,6.9,0.366,0.513,4,4.7,0.863,4.4,4.3,1,0.2,24
Naz Mitrou-Long,SG,26,IND,5,9.4,1.2,3.4,0.353,0.4,2.4,0.167,0.412,0,0,,1.4,1.6,0.2,0.2,2.8
Adam Mokoka,SF,21,CHI,11,10.2,1.1,2.5,0.429,0.5,1.4,0.4,0.536,0.2,0.4,0.5,0.9,0.4,0.4,0,2.9
Malik Monk,SG,21,CHO,55,21.3,3.9,8.9,0.434,1.1,3.7,0.284,0.494,1.5,1.8,0.82,2.9,2.1,0.5,0.3,10.3
Matt Mooney,SG,22,CLE,4,4.8,0.3,1,0.25,0,0.5,0,0.25,0,0,,0.8,0.3,0.5,0.3,0.5
E'Twaun Moore,SG,30,NOP,56,18.2,3.3,7.8,0.426,1.1,3,0.377,0.498,0.6,0.8,0.689,2.3,1.4,0.6,0.2,8.3
Ja Morant,PG,20,MEM,67,31,6.7,14,0.477,0.9,2.7,0.335,0.509,3.6,4.6,0.776,3.9,7.3,0.9,0.3,17.8
Juwan Morgan,PF,22,UTA,21,6.4,0.7,1.2,0.577,0.1,0.4,0.375,0.635,0.1,0.2,0.75,1.4,0.3,0,0.1,1.7
Marcus Morris,PF,30,LAC,19,28.9,3.9,9.2,0.425,1.4,4.4,0.31,0.5,0.9,1.2,0.818,4.1,1.4,0.7,0.7,10.1
Markieff Morris,PF,30,LAL,14,14.2,2,4.9,0.406,0.9,2.8,0.333,0.5,0.4,0.4,0.833,3.2,0.6,0.4,0.4,5.3
Monte Morris,PG,24,DEN,73,22.4,3.6,7.8,0.459,0.9,2.4,0.378,0.517,1,1.2,0.843,1.9,3.5,0.8,0.2,9
Johnathan Motley,PF,24,LAC,13,3.2,0.8,1.2,0.733,0.1,0.1,1,0.767,0.4,0.5,0.714,0.8,0.6,0.2,0,2.2
Emmanuel Mudiay,PG,23,UTA,54,15.7,2.8,6.1,0.462,0.6,1.6,0.345,0.508,1.2,1.5,0.759,2.3,2.1,0.4,0.2,7.3
Mychal Mulder,SF,25,GSW,7,29.1,3.7,9.6,0.388,2.3,7.4,0.308,0.507,1.3,1.7,0.75,3.3,1.1,0.3,0.1,11
Dejounte Murray,PG,23,SAS,66,25.6,4.5,9.7,0.462,0.6,1.7,0.369,0.494,1.4,1.7,0.798,5.8,4.1,1.7,0.3,10.9
Jamal Murray,PG,22,DEN,59,32.3,6.9,15.2,0.456,1.9,5.5,0.346,0.519,2.8,3.1,0.881,4,4.8,1.1,0.3,18.5
Džanan Musa,SF,20,BRK,40,12.2,1.6,4.3,0.372,0.5,2,0.244,0.427,1.1,1.5,0.75,2.2,1.1,0.4,0,4.8
Mike Muscala,C,28,OKC,47,12.2,1.6,4,0.407,1.1,3,0.378,0.55,0.4,0.5,0.818,2.3,0.9,0.2,0.3,4.8
Sviatoslav Mykhailiuk,SF,22,DET,56,22.6,3,7.2,0.41,2.1,5.1,0.404,0.552,1,1.3,0.814,1.9,1.9,0.7,0.1,9
Abdel Nader,SF,26,OKC,55,15.8,2.2,4.8,0.468,0.9,2.3,0.375,0.559,0.9,1.2,0.773,1.8,0.7,0.4,0.4,6.3
Larry Nance Jr.,PF,27,CLE,56,26.3,4.1,7.7,0.531,1,2.8,0.352,0.596,0.9,1.3,0.676,7.3,2.2,1,0.4,10.1
Shabazz Napier,PG,28,WAS,20,24.4,3.7,8.7,0.428,1.5,4.1,0.358,0.512,2.7,3.3,0.831,2.4,3.8,1.5,0.2,11.6
Raul Neto,PG,27,PHI,54,12.4,1.9,4.1,0.455,0.6,1.6,0.386,0.532,0.7,0.9,0.83,1.1,1.8,0.4,0.1,5.1
Malik Newman,SG,22,CLE,1,4,0,2,0,0,1,0,0,2,2,1,0,0,0,0,2
Georges Niang,PF,26,UTA,66,14,2.1,4.9,0.438,1.4,3.4,0.4,0.578,0.3,0.4,0.833,1.9,0.7,0.3,0.1,5.9
Joakim Noah,C,34,LAC,5,10,0.8,1.6,0.5,0,0,,0.5,1.2,1.6,0.75,3.2,1.4,0.2,0.2,2.8
Nerlens Noel,C,25,OKC,61,18.5,3,4.4,0.684,0,0,0.333,0.686,1.3,1.7,0.755,4.9,0.9,1,1.5,7.4
Zach Norvell,SG,22,GSW,3,12,1,3.7,0.273,1,2.7,0.375,0.409,0.3,0.3,1,1.7,1,0.7,0,3.3
Jaylen Nowell,SG,20,MIN,15,10.1,1.3,3.5,0.358,0.2,1.7,0.115,0.387,1.1,1.1,0.941,0.9,1.3,0.2,0.1,3.8
Frank Ntilikina,PG,21,NYK,57,20.8,2.3,5.8,0.393,0.8,2.4,0.321,0.459,0.9,1,0.864,2.1,3,0.9,0.3,6.3
Kendrick Nunn,PG,24,MIA,67,29.3,6,13.6,0.439,2,5.8,0.35,0.514,1.3,1.5,0.85,2.7,3.3,0.8,0.2,15.3
Jusuf Nurkić,C,25,POR,8,31.6,6.8,13.6,0.495,0.3,1.3,0.2,0.505,3.9,4.4,0.886,10.3,4,1.4,2,17.6
David Nwaba,SF,27,BRK,20,13.4,1.9,3.6,0.521,0.6,1.4,0.429,0.606,0.9,1.4,0.667,2.3,0.4,0.6,0.6,5.2
Royce O'Neale,SF,26,UTA,71,28.9,2.2,5.1,0.433,1.3,3.4,0.377,0.559,0.6,0.8,0.764,5.5,2.5,0.8,0.5,6.3
Kyle O'Quinn,C,29,PHI,29,10.8,1.4,2.9,0.494,0.2,0.9,0.259,0.535,0.4,0.7,0.55,4,1.8,0.2,0.8,3.5
Semi Ojeleye,PF,25,BOS,69,14.7,1.2,2.8,0.408,0.7,1.8,0.378,0.531,0.4,0.5,0.875,2.1,0.5,0.3,0.1,3.4
Jahlil Okafor,C,24,NOP,30,15.6,3.4,5.4,0.623,0,0.1,0.333,0.627,1.3,2.1,0.645,4.2,1.2,0.2,0.7,8.1
Elie Okobo,PG,22,PHO,55,13.1,1.3,3.3,0.398,0.5,1.3,0.352,0.467,0.9,1.3,0.704,1.6,2.1,0.4,0.1,4
Josh Okogie,SG,21,MIN,62,25,2.7,6.4,0.427,0.7,2.5,0.266,0.479,2.5,3.1,0.796,4.3,1.6,1.1,0.4,8.6
KZ Okpala,PF,20,MIA,5,5.2,0.6,1,0.6,0,0.2,0,0.6,0.2,0.4,0.5,1,0.2,0.4,0.2,1.4
Victor Oladipo,SG,27,IND,19,27.8,5.1,12.9,0.394,1.7,5.5,0.317,0.461,2.5,3.1,0.814,3.9,2.9,0.9,0.2,14.5
Kelly Olynyk,C,28,MIA,67,19.4,2.7,5.9,0.462,1.4,3.5,0.406,0.582,1.3,1.5,0.86,4.6,1.7,0.7,0.3,8.2
Miye Oni,SF,22,UTA,10,10.9,1.2,3.2,0.375,0.7,1.9,0.368,0.484,0.4,0.5,0.8,1.7,0.4,0.4,0.2,3.5
Cedi Osman,SF,24,CLE,65,29.4,4.1,9.4,0.437,1.9,4.9,0.383,0.538,1,1.4,0.67,3.6,2.4,0.8,0.2,11
Kelly Oubre Jr.,SF,24,PHO,56,34.5,6.7,14.8,0.452,1.9,5.5,0.352,0.517,3.4,4.4,0.78,6.4,1.5,1.3,0.7,18.7
Tariq Owens,PF,24,PHO,3,5,0.3,1.7,0.2,0,0.7,0,0.2,0.7,0.7,1,1,0,0.3,0,1.3
Jeremy Pargo,PG,33,GSW,3,14.7,3.7,7.3,0.5,1,2.3,0.429,0.568,0,0.3,0,1,2.7,0.3,0,8.3
Jabari Parker,PF,24,SAC,6,13.3,3.5,6,0.583,0.2,0.7,0.25,0.597,1.3,1.5,0.889,3.8,1.7,0.5,0.2,8.5
Chandler Parsons,PF,31,ATL,5,10.8,1,3.6,0.278,0.8,2.8,0.286,0.389,0,0,,1.4,0.6,0.8,0.2,2.8
Eric Paschall,PF,23,GSW,60,27.6,5.3,10.7,0.497,0.6,2.2,0.287,0.526,2.7,3.5,0.774,4.6,2.1,0.5,0.2,14
Anžejs Pasečņiks,C,24,WAS,27,16.2,2.3,4.3,0.526,0,0.1,0,0.526,1.3,2.1,0.586,4,0.7,0.3,0.4,5.8
Patrick Patterson,PF,30,LAC,59,13.2,1.6,3.9,0.408,1.1,2.9,0.39,0.552,0.6,0.7,0.814,2.6,0.7,0.1,0.1,4.9
Justin Patton,C,22,OKC,5,4.8,0.8,2,0.4,0.2,0.8,0.25,0.45,0,0,,1,0.4,0,0,1.8
Chris Paul,PG,34,OKC,70,31.5,6.2,12.7,0.489,1.6,4.3,0.365,0.552,3.6,4,0.907,5,6.7,1.6,0.2,17.6
Cameron Payne,SG,25,PHO,8,22.9,4.1,8.5,0.485,1.9,3.6,0.517,0.596,0.8,0.9,0.857,3.9,3,1,0.3,10.9
Elfrid Payton,PG,25,NYK,45,27.7,4.3,9.8,0.439,0.3,1.5,0.203,0.455,1.1,1.9,0.57,4.7,7.2,1.6,0.4,10
Gary Payton II,SF,27,WAS,29,14.9,1.7,4,0.414,0.4,1.6,0.283,0.47,0.1,0.3,0.5,2.8,1.7,1.1,0.2,3.9
Norvel Pelle,C,26,PHI,24,9.7,1,2,0.521,0,0,0,0.521,0.3,0.6,0.5,3,0.3,0.1,1.3,2.4
Theo Pinson,SG,24,BRK,33,11.1,1.4,4.7,0.29,0.5,2.4,0.188,0.339,0.5,0.5,0.938,1.6,1.7,0.5,0.1,3.6
Mason Plumlee,C,29,DEN,61,17.3,2.9,4.7,0.615,0,0.1,0,0.615,1.4,2.5,0.535,5.2,2.5,0.5,0.6,7.2
Jakob Poeltl,C,24,SAS,66,17.7,2.5,4,0.624,0,0,,0.624,0.6,1.3,0.465,5.7,1.8,0.6,1.4,5.6
Vincent Poirier,C,26,BOS,22,5.9,0.8,1.6,0.472,0,0.1,0.5,0.486,0.3,0.3,0.857,2,0.4,0.1,0.4,1.9
Shamorie Ponds,PG,21,TOR,4,2.8,0.8,1.3,0.6,0.3,0.5,0.5,0.7,0.5,0.5,1,0.3,0.5,0,0.3,2.3
Jordan Poole,SG,20,GSW,57,22.4,2.9,8.8,0.333,1.3,4.6,0.279,0.406,1.7,2.1,0.798,2.1,2.4,0.6,0.2,8.8
Kevin Porter Jr.,SF,19,CLE,50,23.2,3.7,8.4,0.442,1.1,3.2,0.335,0.505,1.5,2,0.723,3.2,2.2,0.9,0.3,10
Michael Porter Jr.,SF,21,DEN,55,16.4,3.5,7,0.509,1.1,2.7,0.422,0.59,1.1,1.3,0.833,4.7,0.8,0.5,0.5,9.3
Otto Porter,SF,26,CHI,14,23.6,4.4,10,0.443,1.7,4.4,0.387,0.529,1.4,1.9,0.704,3.4,1.8,1.1,0.4,11.9
Bobby Portis,PF,24,NYK,66,21.1,4,8.9,0.45,1,2.8,0.358,0.507,1.1,1.4,0.763,5.1,1.5,0.5,0.3,10.1
Kristaps Porziņģis,C,24,DAL,57,31.8,7,16.4,0.427,2.5,7.1,0.352,0.503,4,5,0.799,9.5,1.8,0.7,2,20.4
Dwight Powell,C,28,DAL,40,26.5,3.7,5.7,0.638,0.3,1,0.256,0.659,1.9,2.8,0.667,5.7,1.5,0.9,0.6,9.4
Norman Powell,SG,26,TOR,52,28.4,5.7,11.5,0.495,2.1,5.3,0.399,0.586,2.5,2.9,0.843,3.7,1.8,1.2,0.4,16
Taurean Prince,PF,25,BRK,64,29,4.3,11.5,0.376,2.3,6.7,0.339,0.475,1.1,1.4,0.798,6,1.8,0.9,0.4,12.1
Chasson Randle,PG,26,GSW,3,13.3,0,1.3,0,0,0.7,0,0,1.7,2,0.833,0.7,1.7,0.7,0,1.7
Julius Randle,PF,25,NYK,64,32.5,7.2,15.7,0.46,1,3.6,0.277,0.492,4,5.5,0.733,9.7,3.1,0.8,0.3,19.5
Josh Reaves,SF,22,DAL,4,7,0.8,2.3,0.333,0,0.5,0,0.333,0.5,0.5,1,0.8,0.8,0,0,2
Cam Reddish,SF,20,ATL,58,26.7,3.7,9.6,0.384,1.4,4.3,0.332,0.459,1.7,2.2,0.802,3.7,1.5,1.1,0.5,10.5
J.J. Redick,SG,35,NOP,60,26.4,4.8,10.5,0.453,3,6.6,0.453,0.596,2.8,3.1,0.892,2.5,2,0.3,0.2,15.3
Naz Reid,C,20,MIN,30,16.5,3.3,8.1,0.412,1.1,3.2,0.33,0.477,1.2,1.8,0.698,4.1,1.2,0.6,0.7,9
Josh Richardson,SG,26,PHI,55,30.8,5.1,11.7,0.43,1.5,4.5,0.341,0.496,2.1,2.6,0.809,3.2,2.9,0.9,0.7,13.7
Austin Rivers,SG,27,HOU,68,23.4,3.1,7.4,0.421,1.4,4,0.356,0.517,1.1,1.6,0.703,2.6,1.7,0.7,0.1,8.8
Andre Roberson,SF,28,OKC,7,12.4,1.1,4.1,0.276,0.4,2,0.214,0.328,0.1,0.3,0.5,3.9,0.6,0.1,0.4,2.9
Duncan Robinson,SG,25,MIA,73,29.7,4.4,9.4,0.47,3.7,8.3,0.446,0.667,0.9,1,0.931,3.2,1.4,0.5,0.3,13.5
Glenn Robinson III,SF,26,PHI,14,19.3,3.1,6.1,0.518,0.6,1.9,0.333,0.571,0.8,0.9,0.917,3.1,0.8,0.6,0.1,7.7
Jerome Robinson,SG,22,WAS,21,24,3.3,8.3,0.397,1.4,4.1,0.349,0.483,1.4,1.8,0.763,3.3,2,0.7,0.4,9.4
Justin Robinson,PG,22,WAS,9,5.4,0.6,1.3,0.417,0.3,0.6,0.6,0.542,0,0,,0.6,0.8,0,0.1,1.4
Mitchell Robinson,C,21,NYK,61,23.1,4.1,5.6,0.742,0,0,,0.742,1.4,2.4,0.568,7,0.6,0.9,2,9.7
Isaiah Roby,PF,21,OKC,3,3.7,0,0.3,0,0,0,,0,0,0,,0.7,0,0,0,0
Rajon Rondo,PG,33,LAL,48,20.5,2.9,6.8,0.418,0.9,2.6,0.328,0.48,0.6,0.9,0.659,3,5,0.8,0,7.1
Derrick Rose,PG,31,DET,50,26,7.4,15.1,0.49,0.9,2.9,0.306,0.52,2.4,2.8,0.871,2.4,5.6,0.8,0.3,18.1
Terrence Ross,SG,28,ORL,69,27.4,4.9,12.3,0.403,2.6,7.3,0.351,0.508,2.3,2.7,0.853,3.2,1.2,1.1,0.3,14.7
Terry Rozier,PG,25,CHO,63,34.3,6.3,14.9,0.423,2.7,6.7,0.407,0.514,2.6,3,0.874,4.4,4.1,1,0.2,18
Ricky Rubio,PG,29,PHO,65,31,4.4,10.6,0.415,1.2,3.3,0.361,0.471,3,3.5,0.863,4.7,8.8,1.4,0.2,13
D'Angelo Russell,PG,23,MIN,12,32.7,7.3,17.6,0.412,3.2,9.2,0.345,0.502,4,4.6,0.873,4.6,6.6,1.4,0.3,21.7
Domantas Sabonis,PF,23,IND,62,34.8,7.4,13.7,0.54,0.3,1.1,0.254,0.55,3.5,4.8,0.723,12.4,5,0.8,0.5,18.5
Luka Šamanić,PF,20,SAS,3,16,1.7,5.3,0.313,1,2.7,0.375,0.406,1,1.3,0.75,3.3,2,0,0.7,5.3
JaKarr Sampson,PF,26,IND,34,13.9,2,3.4,0.591,0.1,0.4,0.154,0.6,0.5,0.8,0.667,2.6,0.6,0.5,0.4,4.6
Dario Šarić,PF,25,PHO,66,24.7,3.9,8.2,0.476,1.3,3.6,0.357,0.554,1.6,1.9,0.844,6.2,1.9,0.6,0.2,10.7
Tomáš Satoranský,SG,28,CHI,65,28.9,3.6,8.5,0.43,1,3.1,0.322,0.488,1.6,1.9,0.876,3.9,5.4,1.2,0.1,9.9
Admiral Schofield,PF,22,WAS,33,11.2,1.1,2.8,0.38,0.6,1.8,0.311,0.484,0.3,0.5,0.667,1.4,0.5,0.2,0.1,3
Dennis Schröder,PG,26,OKC,65,30.8,7,14.8,0.469,1.9,5,0.385,0.534,3,3.6,0.839,3.6,4,0.7,0.2,18.9
Mike Scott,PF,31,PHI,68,17.8,2.2,5.1,0.426,1.2,3.2,0.369,0.54,0.4,0.5,0.811,3.6,0.8,0.3,0.1,6
Thabo Sefolosha,PF,35,HOU,41,10.6,0.9,2.2,0.407,0.4,1.3,0.278,0.489,0.1,0.2,0.375,2.3,0.6,0.6,0.3,2.2
Collin Sexton,PG,21,CLE,65,33,7.9,16.7,0.472,1.5,3.9,0.38,0.517,3.5,4.1,0.846,3.1,3,1,0.1,20.8
Landry Shamet,SG,22,LAC,53,27.4,3,7.4,0.404,2.1,5.6,0.375,0.546,1.2,1.4,0.855,1.9,1.9,0.4,0.2,9.3
Marial Shayok,SG,24,PHI,4,7,0.8,3,0.25,0.5,1.5,0.333,0.333,0.8,1,0.75,1.8,0.3,0,0.3,2.8
Iman Shumpert,SF,29,BRK,13,18.5,1.6,4.9,0.328,0.6,2.5,0.242,0.391,0.3,0.5,0.571,2.6,0.9,0.9,0.2,4.2
Pascal Siakam,PF,25,TOR,60,35.2,8.3,18.4,0.453,2.2,6.1,0.359,0.512,4,5.1,0.792,7.3,3.5,1,0.9,22.9
Chris Silva,PF,23,MIA,44,7.9,1.1,1.8,0.615,0,0.1,0,0.615,0.8,1.3,0.673,2.9,0.5,0.2,0.5,3
Ben Simmons,PG,23,PHI,57,35.4,6.6,11.4,0.58,0,0.1,0.286,0.581,3.2,5.2,0.621,7.8,8,2.1,0.6,16.4
Anfernee Simons,SG,20,POR,70,20.7,3.1,7.7,0.399,1.1,3.2,0.332,0.469,1.1,1.3,0.826,2.2,1.4,0.4,0.1,8.3
Alen Smailagić,C,19,GSW,14,9.9,1.4,2.9,0.5,0.2,0.9,0.231,0.538,1.1,1.4,0.842,1.9,0.9,0.2,0.3,4.2
Marcus Smart,SG,25,BOS,60,32,4.3,11.4,0.375,2.3,6.6,0.347,0.476,2.1,2.5,0.836,3.8,4.9,1.7,0.5,12.9
Dennis Smith Jr.,PG,22,NYK,34,15.8,2.1,6.2,0.341,0.5,1.6,0.296,0.379,0.8,1.6,0.509,2.3,2.9,0.8,0.2,5.5
Ish Smith,PG,31,WAS,68,26.3,4.5,10.1,0.447,0.9,2.5,0.367,0.492,0.9,1.3,0.721,3.2,4.9,0.9,0.4,10.9
J.R. Smith,SG,34,LAL,6,13.2,1.2,3.7,0.318,0.2,1.8,0.091,0.341,0.3,0.3,1,0.8,0.5,0.2,0,2.8
Zhaire Smith,SF,20,PHI,7,4.6,0.4,1.6,0.273,0,0.4,0,0.273,0.3,0.6,0.5,0.3,0.3,0.4,0,1.1
Tony Snell,SF,28,DET,59,27.8,2.9,6.5,0.445,1.7,4.3,0.402,0.579,0.5,0.5,1,1.9,2.2,0.5,0.3,8
Omari Spellman,C,22,GSW,49,18.1,2.6,6,0.431,0.9,2.2,0.391,0.503,1.5,1.9,0.793,4.5,1,0.7,0.5,7.6
Max Strus,SF,23,CHI,2,3,1,1.5,0.667,0,0.5,0,0.667,0.5,0.5,1,0.5,0,0,0,2.5
Edmond Sumner,SG,24,IND,31,14.4,2,4.6,0.43,0.5,1.7,0.264,0.479,0.5,0.9,0.552,1.5,1.8,0.5,0.3,4.9
Caleb Swanigan,PF,22,POR,20,13.3,1.3,2.2,0.605,0,0.1,0,0.605,0.4,0.8,0.533,4.7,1.5,0.1,0.3,3
Jayson Tatum,PF,21,BOS,66,34.3,8.4,18.6,0.45,2.9,7.1,0.403,0.527,3.8,4.7,0.812,7,3,1.4,0.9,23.4
Jeff Teague,PG,31,ATL,25,20.8,2.7,6.6,0.412,0.4,1.2,0.333,0.442,1.9,2.1,0.887,2.2,4,0.8,0.2,7.7
Garrett Temple,SG,33,BRK,62,27.9,3.6,9.5,0.378,2,6.2,0.329,0.486,1.1,1.4,0.805,3.5,2.5,0.8,0.5,10.3
Daniel Theis,C,27,BOS,65,24.1,3.7,6.6,0.566,0.5,1.5,0.333,0.603,1.3,1.8,0.763,6.6,1.7,0.6,1.3,9.2
Isaiah Thomas,PG,30,WAS,40,23.1,4.4,10.7,0.408,2,4.7,0.413,0.5,1.6,1.9,0.816,1.7,3.7,0.3,0.2,12.2
Khyri Thomas,SG,23,DET,8,7.6,0.6,2.1,0.294,0.6,1.8,0.357,0.441,0.3,0.5,0.5,0.1,0.4,0.4,0,2.1
Lance Thomas,PF,31,BRK,7,14,1.1,3.3,0.348,0.6,1.9,0.308,0.435,0.6,0.6,1,1.9,0.9,0,0,3.4
Matt Thomas,SG,25,TOR,41,10.7,1.8,3.7,0.487,1.1,2.4,0.475,0.643,0.2,0.3,0.75,1.5,0.5,0.2,0,4.9
Tristan Thompson,PF,28,CLE,57,30.2,5.1,9.9,0.512,0.2,0.4,0.391,0.52,1.7,2.8,0.615,10.1,2.1,0.6,0.9,12
Sindarius Thornwell,SF,25,NOP,2,17.5,3,5.5,0.545,1,2,0.5,0.636,1,2,0.5,2,2,0.5,0.5,8
Matisse Thybulle,SG,22,PHI,65,19.8,1.7,4.1,0.423,0.9,2.4,0.357,0.528,0.4,0.6,0.61,1.6,1.2,1.4,0.7,4.7
Anthony Tolliver,PF,34,MEM,13,18.2,1.5,3.7,0.396,1.3,3.2,0.415,0.573,0.5,0.6,0.875,2.5,0.8,0.5,0.1,4.8
Juan Toscano-Anderson,SG,26,GSW,13,20.9,2.2,4.8,0.46,0.6,1.8,0.348,0.524,0.2,0.4,0.6,4,2,1,0.4,5.3
Karl-Anthony Towns,C,24,MIN,35,33.9,9,17.8,0.508,3.3,7.9,0.412,0.6,5.1,6.5,0.796,10.8,4.4,0.9,1.2,26.5
Gary Trent Jr.,SF,21,POR,61,21.8,3.2,7.2,0.444,1.8,4.4,0.418,0.571,0.6,0.7,0.822,1.6,1,0.8,0.3,8.9
Allonzo Trier,SG,24,NYK,24,12.1,2.1,4.4,0.481,0.8,2.2,0.358,0.571,1.4,1.8,0.791,1.2,1.2,0.1,0.2,6.5
P.J. Tucker,PF,34,HOU,72,34.3,2.5,5.9,0.415,1.5,4.2,0.358,0.541,0.5,0.7,0.813,6.6,1.6,1.1,0.5,6.9
Rayjon Tucker,SG,22,UTA,20,8.1,1,2.2,0.465,0.2,0.9,0.176,0.5,1,1.2,0.826,1,0.3,0.1,0.1,3.1
Evan Turner,SG,31,ATL,19,13.2,1.3,3.5,0.373,0,0.3,0,0.373,0.6,0.7,0.857,2,2,0.5,0.4,3.3
Myles Turner,C,23,IND,62,29.5,4.3,9.5,0.457,1.4,4,0.344,0.53,2,2.7,0.751,6.6,1.2,0.7,2.1,12.1
Jarrod Uthoff,PF,26,WAS,3,13,2,3.7,0.545,1,1.7,0.6,0.682,0,0,,1.7,0,0,0,5
Jonas Valančiūnas,C,27,MEM,70,26.4,6.2,10.6,0.585,0.5,1.3,0.352,0.606,2.1,2.9,0.74,11.3,1.9,0.4,1.1,14.9
Denzel Valentine,SF,26,CHI,36,13.6,2.7,6.6,0.409,1.3,3.8,0.336,0.506,0.2,0.2,0.75,2.1,1.2,0.7,0.2,6.8
Jarred Vanderbilt,PF,20,MIN,2,2.5,0,0.5,0,0,0.5,0,0,1,1,1,0.5,0,0,0,1
Fred VanVleet,SG,25,TOR,54,35.7,5.9,14.3,0.413,2.7,6.9,0.39,0.507,3.1,3.7,0.848,3.8,6.6,1.9,0.3,17.6
Gabe Vincent,PG,23,MIA,9,9.2,0.9,4.1,0.216,0.7,3,0.222,0.297,0,0,,0.6,0.7,0.6,0,2.4
Noah Vonleh,C,24,DEN,7,4.3,0.7,0.9,0.833,0.1,0.1,1,0.917,0.3,0.6,0.5,1.1,0.3,0,0,1.9
Nikola Vučević,C,29,ORL,62,32.2,8,16.7,0.477,1.6,4.7,0.339,0.525,2.1,2.7,0.784,10.9,3.6,0.9,0.8,19.6
Dean Wade,PF,23,CLE,12,5.9,0.8,1.1,0.692,0.2,0.3,0.5,0.769,0,0.1,0,1.6,0.2,0.2,0.3,1.7
Moritz Wagner,C,22,WAS,45,18.6,3.2,5.9,0.545,0.6,1.8,0.313,0.592,1.7,2.1,0.821,4.9,1.2,0.6,0.4,8.7
Dion Waiters,SG,28,LAL,7,23.6,4.4,10.4,0.425,1,4.3,0.233,0.473,2,2.3,0.875,1.9,2.4,0.6,0.6,11.9
Kemba Walker,PG,29,BOS,56,31.1,6.8,15.9,0.425,3.2,8.4,0.381,0.526,3.7,4.3,0.864,3.9,4.8,0.9,0.5,20.4
Lonnie Walker,SG,21,SAS,61,16.2,2.5,5.9,0.426,0.7,1.7,0.406,0.483,0.7,1,0.721,2.3,1.1,0.5,0.2,6.4
Tyrone Wallace,SG,25,ATL,14,11.4,1,3.1,0.318,0.1,1.1,0.067,0.33,0.8,1.2,0.647,1.6,0.9,0.5,0.1,2.9
Derrick Walton,PG,24,DET,3,8.7,0.3,1,0.333,0.3,1,0.333,0.5,0,0,,0.3,1.7,1,0,1
Brad Wanamaker,PG,30,BOS,71,19.3,2.3,5.1,0.448,0.5,1.4,0.363,0.499,1.8,1.9,0.926,2,2.5,0.9,0.2,6.9
T.J. Warren,SF,26,IND,67,32.9,8,14.9,0.536,1.4,3.4,0.403,0.581,2.5,3,0.819,4.2,1.5,1.2,0.5,19.8
P.J. Washington,PF,21,CHO,58,30.3,4.6,10.2,0.455,1.5,4,0.374,0.528,1.5,2.3,0.647,5.4,2.1,0.9,0.8,12.2
Yuta Watanabe,SF,25,MEM,18,5.8,0.8,1.9,0.441,0.2,0.4,0.375,0.485,0.2,0.4,0.375,1.1,0.3,0.3,0.1,2
Tremont Waters,PG,22,BOS,11,10.8,1.3,4.5,0.286,0.4,2.2,0.167,0.327,0.7,0.7,1,1.1,1.5,0.9,0.2,3.6
Paul Watson,SF,25,TOR,8,8.8,1.3,2.4,0.526,0.5,1.1,0.444,0.632,0.9,1.1,0.778,1.9,0.6,0.4,0.1,3.9
Quinndary Weatherspoon,SG,23,SAS,11,7.1,0.5,1.5,0.294,0.1,0.5,0.2,0.324,0.1,0.2,0.5,0.6,1,0.3,0.1,1.1
Russell Westbrook,PG,31,HOU,57,35.9,10.6,22.5,0.472,1,3.7,0.258,0.493,5.1,6.7,0.763,7.9,7,1.6,0.4,27.2
Coby White,PG,19,CHI,65,25.8,4.8,12.2,0.394,2,5.8,0.354,0.478,1.6,2,0.791,3.5,2.7,0.8,0.1,13.2
Derrick White,SG,25,SAS,68,24.7,3.7,8.1,0.458,1.2,3.2,0.366,0.53,2.6,3.1,0.853,3.3,3.5,0.6,0.9,11.3
Hassan Whiteside,C,30,POR,67,30,6.5,10.5,0.621,0.1,0.1,0.571,0.624,2.4,3.6,0.686,13.5,1.2,0.4,2.9,15.5
Andrew Wiggins,SF,24,GSW,12,33.6,7.2,15.7,0.457,1.7,4.9,0.339,0.511,3.4,5.1,0.672,4.6,3.6,1.3,1.4,19.4
Grant Williams,PF,21,BOS,69,15.1,1.3,3.1,0.412,0.3,1.4,0.25,0.469,0.6,0.8,0.722,2.6,1,0.4,0.5,3.4
Johnathan Williams,PF,24,WAS,15,12,1.3,2.3,0.559,0,0.1,0,0.559,0.5,0.9,0.538,4.3,0.5,0.1,0.5,3
Kenrich Williams,PF,25,NOP,39,21.3,1.3,3.8,0.347,0.6,2.5,0.258,0.432,0.2,0.7,0.346,4.8,1.5,0.7,0.5,3.5
Lou Williams,PG,33,LAC,65,28.7,6,14.4,0.418,1.7,4.8,0.352,0.477,4.5,5.2,0.861,3.1,5.6,0.7,0.2,18.2
Marvin Williams,PF,33,MIL,17,18.9,1.5,3.4,0.439,0.7,2.3,0.308,0.544,0.4,0.4,0.857,4.4,1.1,0.6,0.5,4
Robert Williams,C,22,BOS,29,13.4,2.2,3,0.727,0,0,,0.727,0.8,1.2,0.647,4.4,0.9,0.8,1.2,5.2
Nigel Williams-Goss,PG,25,UTA,10,5,0.5,1.6,0.313,0.2,0.7,0.286,0.375,0.2,0.2,1,0.6,0.6,0.3,0.1,1.4
Zion Williamson,PF,19,NOP,24,27.8,8.8,15,0.583,0.3,0.6,0.429,0.592,4.8,7.4,0.64,6.3,2.1,0.7,0.4,22.5
D.J. Wilson,PF,23,MIL,37,9.8,1.4,3.6,0.394,0.5,2,0.247,0.462,0.3,0.5,0.611,2.5,0.7,0.1,0.1,3.6
Justise Winslow,SG,23,MIA,11,32,4.5,11.7,0.388,0.5,2.5,0.222,0.411,1.6,2.5,0.667,6.6,4,0.6,0.5,11.3
Christian Wood,PF,24,DET,62,21.4,4.6,8.2,0.567,0.9,2.3,0.386,0.62,2.9,3.9,0.744,6.3,1,0.5,0.9,13.1
Delon Wright,PG,27,DAL,73,21.5,2.6,5.6,0.462,0.6,1.7,0.37,0.519,1.1,1.4,0.77,3.8,3.3,1.2,0.3,6.9
Justin Wright-Foreman,PG,22,UTA,4,11.3,1.8,5,0.35,0.5,2.5,0.2,0.4,0.8,1,0.75,1.3,1.8,0.5,0,4.8
Thaddeus Young,PF,31,CHI,64,24.9,4.2,9.4,0.448,1.2,3.5,0.356,0.513,0.7,1.1,0.583,4.9,1.8,1.4,0.4,10.3
Trae Young,PG,21,ATL,60,35.3,9.1,20.8,0.437,3.4,9.5,0.361,0.519,8,9.3,0.86,4.3,9.3,1.1,0.1,29.6
Cody Zeller,C,27,CHO,58,23.1,4.3,8.3,0.524,0.3,1.3,0.24,0.543,2.1,3.1,0.682,7.1,1.5,0.7,0.4,11.1
Tyler Zeller,C,30,SAS,2,2,0.5,2,0.25,0,0,,0.25,0,0,,2,0,0,0,1
Ante Žižić,C,23,CLE,22,10,1.9,3.3,0.569,0,0,,0.569,0.6,0.9,0.737,3,0.3,0.3,0.2,4.4
Ivica Zubac,C,22,LAC,72,18.4,3.3,5.3,0.613,0,0,0,0.613,1.7,2.3,0.747,7.5,1.1,0.2,0.9,8.3
